<?xml version="1.0" encoding="UTF-8"?>
<Options>
	<Defaults>
		<DefaultLang>Chinese.lng</DefaultLang>  <bVertGrid>1</bVertGrid>
    <bHorzGrid>0</bHorzGrid>
    <bStripped>0</bStripped>
    <bShowFilters>1</bShowFilters>
    <bShowScanDebugInLOG>0</bShowScanDebugInLOG>
    <bFillSelectedSeries>1</bFillSelectedSeries>
    <bDrawBackroundSpectrum>1</bDrawBackroundSpectrum>
    <bAddSummaryToReport>1</bAddSummaryToReport>
    <bAddNetworksToReport>1</bAddNetworksToReport>
    <bAddGraphsToReport>1</bAddGraphsToReport>
    <bAddNetworkDetailsToReport>1</bAddNetworkDetailsToReport>
    <BandsOnSinglePanel>1</BandsOnSinglePanel>
    <BandsOnSinglePanelVertically>0</BandsOnSinglePanelVertically>
    <bPinConnectedToTop>1</bPinConnectedToTop>
    <bDeleteNetworkIfNotSeen>0</bDeleteNetworkIfNotSeen>
    <intDeleteNetworkIfNotSeenMin>5</intDeleteNetworkIfNotSeenMin>
    <CalculateAchivableRateForAP>1</CalculateAchivableRateForAP>
    <DefUpdateInterval>1</DefUpdateInterval>
    <DoNotShowSupportRenewReminder>0</DoNotShowSupportRenewReminder>
    <DeltaTimeInactive>10</DeltaTimeInactive>
    <UpdateGraphInterval>1</UpdateGraphInterval>
    <UpdateCurrentConnectionInterval>10</UpdateCurrentConnectionInterval>
    <UpdateWirelessNetworkInterval>3</UpdateWirelessNetworkInterval>
    <UpdateWirelessStatisticsInterval>3</UpdateWirelessStatisticsInterval>
    <FilterLinkQualityIndicatorSet>[0,1,2,3,4,5]</FilterLinkQualityIndicatorSet>
    <FilterChannelWidthSet>[0,1,2,3,4,5,6,7,8]</FilterChannelWidthSet>
    <FilterFrequencyBandSet>[0,1,2]</FilterFrequencyBandSet>
    <FilterPhySet>[4,5,6,7,8,10,11]</FilterPhySet>
    <FilterWLANSecuritySet>[1,2,3,4]</FilterWLANSecuritySet>
    <aLeftPanelWidth>250</aLeftPanelWidth>
    <aTopPanelHeight>250</aTopPanelHeight>
    <aCurrConPanelWidth>250</aCurrConPanelWidth>
    <aRadioPanelHeight>300</aRadioPanelHeight>
    <TimeWindowMinutes>5</TimeWindowMinutes>
    <HexDumpViewerWidth>650</HexDumpViewerWidth>
    <DefaultNoiseLevel>-80</DefaultNoiseLevel>
    <DefaultRxStreams>2</DefaultRxStreams>
    <DefaultTxStreams>2</DefaultTxStreams>
    <aWLANStatisticsMACHeight>256</aWLANStatisticsMACHeight>
    <aWLANStatisticsPHYHeight>256</aWLANStatisticsPHYHeight>
    <WLANStatisticsMACViewColumnIndex>1</WLANStatisticsMACViewColumnIndex>
    <WLANStatisticsPHYViewColumnIndex>1</WLANStatisticsPHYViewColumnIndex>
  </Defaults>  <Window>
    <MainWindowState>2</MainWindowState>
  </Window>
  <ListColumns>
    <Visible0>1</Visible0>
    <Width0>50</Width0>
    <Alignment0>0</Alignment0>
    <Position0>0</Position0>
    <SortDirection0>0</SortDirection0>
    <Sorted0>1</Sorted0>
    <Visible1>1</Visible1>
    <Width1>50</Width1>
    <Alignment1>0</Alignment1>
    <Position1>1</Position1>
    <SortDirection1>0</SortDirection1>
    <Sorted1>0</Sorted1>
    <Visible2>1</Visible2>
    <Width2>50</Width2>
    <Alignment2>0</Alignment2>
    <Position2>2</Position2>
    <SortDirection2>0</SortDirection2>
    <Sorted2>0</Sorted2>
    <Visible3>1</Visible3>
    <Width3>50</Width3>
    <Alignment3>0</Alignment3>
    <Position3>3</Position3>
    <SortDirection3>0</SortDirection3>
    <Sorted3>0</Sorted3>
    <Visible4>1</Visible4>
    <Width4>50</Width4>
    <Alignment4>0</Alignment4>
    <Position4>4</Position4>
    <SortDirection4>0</SortDirection4>
    <Sorted4>0</Sorted4>
    <Visible5>1</Visible5>
    <Width5>50</Width5>
    <Alignment5>0</Alignment5>
    <Position5>5</Position5>
    <SortDirection5>0</SortDirection5>
    <Sorted5>0</Sorted5>
    <Visible6>1</Visible6>
    <Width6>50</Width6>
    <Alignment6>0</Alignment6>
    <Position6>6</Position6>
    <SortDirection6>0</SortDirection6>
    <Sorted6>0</Sorted6>
    <Visible7>1</Visible7>
    <Width7>50</Width7>
    <Alignment7>0</Alignment7>
    <Position7>7</Position7>
    <SortDirection7>0</SortDirection7>
    <Sorted7>0</Sorted7>
    <Visible8>1</Visible8>
    <Width8>50</Width8>
    <Alignment8>0</Alignment8>
    <Position8>8</Position8>
    <SortDirection8>0</SortDirection8>
    <Sorted8>0</Sorted8>
    <Visible9>1</Visible9>
    <Width9>50</Width9>
    <Alignment9>0</Alignment9>
    <Position9>9</Position9>
    <SortDirection9>0</SortDirection9>
    <Sorted9>0</Sorted9>
    <Visible10>1</Visible10>
    <Width10>50</Width10>
    <Alignment10>0</Alignment10>
    <Position10>10</Position10>
    <SortDirection10>0</SortDirection10>
    <Sorted10>0</Sorted10>
    <Visible11>1</Visible11>
    <Width11>50</Width11>
    <Alignment11>0</Alignment11>
    <Position11>11</Position11>
    <SortDirection11>0</SortDirection11>
    <Sorted11>0</Sorted11>
    <Visible12>1</Visible12>
    <Width12>50</Width12>
    <Alignment12>0</Alignment12>
    <Position12>12</Position12>
    <SortDirection12>0</SortDirection12>
    <Sorted12>0</Sorted12>
    <Visible13>1</Visible13>
    <Width13>50</Width13>
    <Alignment13>0</Alignment13>
    <Position13>13</Position13>
    <SortDirection13>0</SortDirection13>
    <Sorted13>0</Sorted13>
    <Visible14>1</Visible14>
    <Width14>50</Width14>
    <Alignment14>0</Alignment14>
    <Position14>14</Position14>
    <SortDirection14>0</SortDirection14>
    <Sorted14>0</Sorted14>
    <Visible15>1</Visible15>
    <Width15>50</Width15>
    <Alignment15>0</Alignment15>
    <Position15>15</Position15>
    <SortDirection15>0</SortDirection15>
    <Sorted15>0</Sorted15>
    <Visible16>1</Visible16>
    <Width16>50</Width16>
    <Alignment16>0</Alignment16>
    <Position16>16</Position16>
    <SortDirection16>0</SortDirection16>
    <Sorted16>0</Sorted16>
    <Visible17>1</Visible17>
    <Width17>50</Width17>
    <Alignment17>0</Alignment17>
    <Position17>17</Position17>
    <SortDirection17>0</SortDirection17>
    <Sorted17>0</Sorted17>
    <Visible18>1</Visible18>
    <Width18>50</Width18>
    <Alignment18>0</Alignment18>
    <Position18>18</Position18>
    <SortDirection18>0</SortDirection18>
    <Sorted18>0</Sorted18>
    <Visible19>1</Visible19>
    <Width19>50</Width19>
    <Alignment19>0</Alignment19>
    <Position19>19</Position19>
    <SortDirection19>0</SortDirection19>
    <Sorted19>0</Sorted19>
    <Visible20>1</Visible20>
    <Width20>50</Width20>
    <Alignment20>0</Alignment20>
    <Position20>20</Position20>
    <SortDirection20>0</SortDirection20>
    <Sorted20>0</Sorted20>
    <Visible21>1</Visible21>
    <Width21>50</Width21>
    <Alignment21>0</Alignment21>
    <Position21>21</Position21>
    <SortDirection21>0</SortDirection21>
    <Sorted21>0</Sorted21>
    <Visible22>1</Visible22>
    <Width22>50</Width22>
    <Alignment22>0</Alignment22>
    <Position22>22</Position22>
    <SortDirection22>0</SortDirection22>
    <Sorted22>0</Sorted22>
    <Visible23>1</Visible23>
    <Width23>50</Width23>
    <Alignment23>0</Alignment23>
    <Position23>23</Position23>
    <SortDirection23>0</SortDirection23>
    <Sorted23>0</Sorted23>
    <Visible24>1</Visible24>
    <Width24>50</Width24>
    <Alignment24>0</Alignment24>
    <Position24>24</Position24>
    <SortDirection24>0</SortDirection24>
    <Sorted24>0</Sorted24>
    <Visible25>1</Visible25>
    <Width25>50</Width25>
    <Alignment25>0</Alignment25>
    <Position25>25</Position25>
    <SortDirection25>0</SortDirection25>
    <Sorted25>0</Sorted25>
    <Visible26>1</Visible26>
    <Width26>50</Width26>
    <Alignment26>0</Alignment26>
    <Position26>26</Position26>
    <SortDirection26>0</SortDirection26>
    <Sorted26>0</Sorted26>
    <Visible27>1</Visible27>
    <Width27>50</Width27>
    <Alignment27>0</Alignment27>
    <Position27>27</Position27>
    <SortDirection27>0</SortDirection27>
    <Sorted27>0</Sorted27>
    <Visible28>1</Visible28>
    <Width28>50</Width28>
    <Alignment28>0</Alignment28>
    <Position28>28</Position28>
    <SortDirection28>0</SortDirection28>
    <Sorted28>0</Sorted28>
    <Visible29>1</Visible29>
    <Width29>50</Width29>
    <Alignment29>0</Alignment29>
    <Position29>29</Position29>
    <SortDirection29>0</SortDirection29>
    <Sorted29>0</Sorted29>
    <Visible30>1</Visible30>
    <Width30>50</Width30>
    <Alignment30>0</Alignment30>
    <Position30>30</Position30>
    <SortDirection30>0</SortDirection30>
    <Sorted30>0</Sorted30>
    <Visible31>1</Visible31>
    <Width31>50</Width31>
    <Alignment31>0</Alignment31>
    <Position31>31</Position31>
    <SortDirection31>0</SortDirection31>
    <Sorted31>0</Sorted31>
  </ListColumns>
  <LogColumns>
    <Visible0>1</Visible0>
    <Width0>50</Width0>
    <Alignment0>0</Alignment0>
    <Position0>0</Position0>
    <SortDirection0>0</SortDirection0>
    <Sorted0>0</Sorted0>
    <Visible1>1</Visible1>
    <Width1>50</Width1>
    <Alignment1>0</Alignment1>
    <Position1>1</Position1>
    <SortDirection1>0</SortDirection1>
    <Sorted1>0</Sorted1>
  </LogColumns>
  <CurrentConnectionColumns>
    <Visible0>1</Visible0>
    <Width0>50</Width0>
    <Alignment0>0</Alignment0>
    <Position0>0</Position0>
    <SortDirection0>0</SortDirection0>
    <Sorted0>1</Sorted0>
    <Visible1>1</Visible1>
    <Width1>365</Width1>
    <Alignment1>0</Alignment1>
    <Position1>1</Position1>
    <SortDirection1>0</SortDirection1>
    <Sorted1>0</Sorted1>
  </CurrentConnectionColumns>
  <NetworkPropertiesColumns>
    <Visible0>1</Visible0>
    <Width0>50</Width0>
    <Alignment0>0</Alignment0>
    <Position0>0</Position0>
    <SortDirection0>0</SortDirection0>
    <Sorted0>0</Sorted0>
    <Visible1>1</Visible1>
    <Width1>50</Width1>
    <Alignment1>0</Alignment1>
    <Position1>1</Position1>
    <SortDirection1>0</SortDirection1>
    <Sorted1>0</Sorted1>
  </NetworkPropertiesColumns>
  <RadioStateColumns>
    <Visible0>1</Visible0>
    <Width0>50</Width0>
    <Alignment0>0</Alignment0>
    <Position0>0</Position0>
    <SortDirection0>0</SortDirection0>
    <Sorted0>1</Sorted0>
    <Visible1>1</Visible1>
    <Width1>50</Width1>
    <Alignment1>0</Alignment1>
    <Position1>1</Position1>
    <SortDirection1>0</SortDirection1>
    <Sorted1>0</Sorted1>
    <Visible2>1</Visible2>
    <Width2>315</Width2>
    <Alignment2>0</Alignment2>
    <Position2>2</Position2>
    <SortDirection2>0</SortDirection2>
    <Sorted2>0</Sorted2>
  </RadioStateColumns>
  <WLANProfilesColumns>
    <Visible0>1</Visible0>
    <Width0>50</Width0>
    <Alignment0>0</Alignment0>
    <Position0>0</Position0>
    <SortDirection0>0</SortDirection0>
    <Sorted0>0</Sorted0>
  </WLANProfilesColumns>
  <FilterTreeColumns>
    <Visible0>1</Visible0>
    <Width0>246</Width0>
    <Alignment0>0</Alignment0>
    <Position0>0</Position0>
    <SortDirection0>0</SortDirection0>
    <Sorted0>1</Sorted0>
  </FilterTreeColumns>
  <WLANStatisticsMACColumns>
    <Visible0>1</Visible0>
    <Width0>50</Width0>
    <Alignment0>0</Alignment0>
    <Position0>0</Position0>
    <SortDirection0>0</SortDirection0>
    <Sorted0>0</Sorted0>
    <Visible1>1</Visible1>
    <Width1>50</Width1>
    <Alignment1>0</Alignment1>
    <Position1>1</Position1>
    <SortDirection1>0</SortDirection1>
    <Sorted1>1</Sorted1>
    <Visible2>1</Visible2>
    <Width2>50</Width2>
    <Alignment2>0</Alignment2>
    <Position2>2</Position2>
    <SortDirection2>0</SortDirection2>
    <Sorted2>0</Sorted2>
    <Visible3>1</Visible3>
    <Width3>1108</Width3>
    <Alignment3>0</Alignment3>
    <Position3>3</Position3>
    <SortDirection3>0</SortDirection3>
    <Sorted3>0</Sorted3>
  </WLANStatisticsMACColumns>
  <WLANStatisticsPhyColumns>
    <Visible0>1</Visible0>
    <Width0>50</Width0>
    <Alignment0>0</Alignment0>
    <Position0>0</Position0>
    <SortDirection0>0</SortDirection0>
    <Sorted0>0</Sorted0>
    <Visible1>1</Visible1>
    <Width1>50</Width1>
    <Alignment1>0</Alignment1>
    <Position1>1</Position1>
    <SortDirection1>0</SortDirection1>
    <Sorted1>1</Sorted1>
    <Visible2>1</Visible2>
    <Width2>50</Width2>
    <Alignment2>0</Alignment2>
    <Position2>2</Position2>
    <SortDirection2>0</SortDirection2>
    <Sorted2>0</Sorted2>
    <Visible3>1</Visible3>
    <Width3>50</Width3>
    <Alignment3>0</Alignment3>
    <Position3>3</Position3>
    <SortDirection3>0</SortDirection3>
    <Sorted3>0</Sorted3>
    <Visible4>1</Visible4>
    <Width4>50</Width4>
    <Alignment4>0</Alignment4>
    <Position4>4</Position4>
    <SortDirection4>0</SortDirection4>
    <Sorted4>0</Sorted4>
    <Visible5>1</Visible5>
    <Width5>50</Width5>
    <Alignment5>0</Alignment5>
    <Position5>5</Position5>
    <SortDirection5>0</SortDirection5>
    <Sorted5>0</Sorted5>
    <Visible6>0</Visible6>
    <Width6>50</Width6>
    <Alignment6>0</Alignment6>
    <Position6>6</Position6>
    <SortDirection6>0</SortDirection6>
    <Sorted6>0</Sorted6>
    <Visible7>1</Visible7>
    <Width7>50</Width7>
    <Alignment7>0</Alignment7>
    <Position7>7</Position7>
    <SortDirection7>0</SortDirection7>
    <Sorted7>0</Sorted7>
    <Visible8>1</Visible8>
    <Width8>908</Width8>
    <Alignment8>0</Alignment8>
    <Position8>8</Position8>
    <SortDirection8>0</SortDirection8>
    <Sorted8>0</Sorted8>
  </WLANStatisticsPhyColumns>
</Options>
