<?xml version="1.0" encoding="UTF-8"?>
<Options>
	<Defaults>
		<DefaultLang>English.lng</DefaultLang>
		<bShowVersionInCaption>0</bShowVersionInCaption>
		<bVertGrid>1</bVertGrid>
		<bHorzGrid>0</bHorzGrid>
		<bStripped>0</bStripped>
		<DefUpdateInterval>1</DefUpdateInterval>
		<aLeftPanelWidth>200</aLeftPanelWidth>
		<aTopPanelHeight>341</aTopPanelHeight>
		<DeltaTimeInactive>10</DeltaTimeInactive>
		<aCurrConPanelWidth>260</aCurrConPanelWidth>
		<aRadioPanelHeight>197</aRadioPanelHeight>
		<aWLANStatisticsMACHeight>247</aWLANStatisticsMACHeight>
		<aWLANStatisticsPHYHeight>248</aWLANStatisticsPHYHeight>
		<WLANStatisticsMACViewColumnIndex>1</WLANStatisticsMACViewColumnIndex>
		<WLANStatisticsPHYViewColumnIndex>3</WLANStatisticsPHYViewColumnIndex>
		<bShowFilters>1</bShowFilters>
		<bShowScanDebugInLOG>0</bShowScanDebugInLOG>
		<bFillSelectedSeries>1</bFillSelectedSeries>
		<bDrawBackroundSpectrum>1</bDrawBackroundSpectrum>
		<UpdateGraphInterval>1</UpdateGraphInterval>
		<UpdateCurrentConnectionInterval>10</UpdateCurrentConnectionInterval>
		<UpdateWirelessNetworkInterval>3</UpdateWirelessNetworkInterval>
		<UpdateWirelessStatisticsInterval>3</UpdateWirelessStatisticsInterval>
		<TimeWindowMinutes>5</TimeWindowMinutes>
		<HexDumpViewerWidth>642</HexDumpViewerWidth>
		<bAddSummaryToReport>1</bAddSummaryToReport>
		<bAddNetworksToReport>1</bAddNetworksToReport>
		<bAddGraphsToReport>1</bAddGraphsToReport>
		<bAddNetworkDetailsToReport>1</bAddNetworkDetailsToReport>
		<BandsOnSinglePanel>1</BandsOnSinglePanel>
		<BandsOnSinglePanelVertically>0</BandsOnSinglePanelVertically>
		<bPinConnectedToTop>1</bPinConnectedToTop>
		<bDeleteNetworkIfNotSeen>0</bDeleteNetworkIfNotSeen>
		<intDeleteNetworkIfNotSeenMin>5</intDeleteNetworkIfNotSeenMin>
		<DoNotShowSupportRenewReminder>0</DoNotShowSupportRenewReminder>
	</Defaults>
	<UpdateIntervalList>
		<UpdateInterval0>0</UpdateInterval0>
		<UpdateInterval1>1000</UpdateInterval1>
		<UpdateInterval2>2000</UpdateInterval2>
		<UpdateInterval3>3000</UpdateInterval3>
		<UpdateInterval4>5000</UpdateInterval4>
		<UpdateInterval5>10000</UpdateInterval5>
		<UpdateInterval6>20000</UpdateInterval6>
		<UpdateInterval7>30000</UpdateInterval7>
		<UpdateInterval8>60000</UpdateInterval8>
	</UpdateIntervalList>
	<ListColumns>
		<Visible0>1</Visible0>
		<Width0>50</Width0>
		<Alignment0>0</Alignment0>
		<Position0>0</Position0>
		<SortDirection0>1</SortDirection0>
		<Sorted0>0</Sorted0>
		<Visible1>1</Visible1>
		<Width1>129</Width1>
		<Alignment1>0</Alignment1>
		<Position1>1</Position1>
		<SortDirection1>0</SortDirection1>
		<Sorted1>0</Sorted1>
		<Visible2>1</Visible2>
		<Width2>133</Width2>
		<Alignment2>1</Alignment2>
		<Position2>4</Position2>
		<SortDirection2>1</SortDirection2>
		<Sorted2>0</Sorted2>
		<Visible3>1</Visible3>
		<Width3>50</Width3>
		<Alignment3>0</Alignment3>
		<Position3>17</Position3>
		<SortDirection3>1</SortDirection3>
		<Sorted3>0</Sorted3>
		<Visible4>1</Visible4>
		<Width4>131</Width4>
		<Alignment4>0</Alignment4>
		<Position4>5</Position4>
		<SortDirection4>0</SortDirection4>
		<Sorted4>0</Sorted4>
		<Visible5>1</Visible5>
		<Width5>98</Width5>
		<Alignment5>1</Alignment5>
		<Position5>2</Position5>
		<SortDirection5>1</SortDirection5>
		<Sorted5>1</Sorted5>
		<Visible6>1</Visible6>
		<Width6>125</Width6>
		<Alignment6>1</Alignment6>
		<Position6>3</Position6>
		<SortDirection6>1</SortDirection6>
		<Sorted6>0</Sorted6>
		<Visible7>1</Visible7>
		<Width7>95</Width7>
		<Alignment7>0</Alignment7>
		<Position7>8</Position7>
		<SortDirection7>0</SortDirection7>
		<Sorted7>0</Sorted7>
		<Visible8>1</Visible8>
		<Width8>70</Width8>
		<Alignment8>1</Alignment8>
		<Position8>9</Position8>
		<SortDirection8>0</SortDirection8>
		<Sorted8>0</Sorted8>
		<Visible9>1</Visible9>
		<Width9>63</Width9>
		<Alignment9>1</Alignment9>
		<Position9>10</Position9>
		<SortDirection9>0</SortDirection9>
		<Sorted9>0</Sorted9>
		<Visible10>1</Visible10>
		<Width10>82</Width10>
		<Alignment10>1</Alignment10>
		<Position10>11</Position10>
		<SortDirection10>0</SortDirection10>
		<Sorted10>0</Sorted10>
		<Visible11>1</Visible11>
		<Width11>90</Width11>
		<Alignment11>1</Alignment11>
		<Position11>12</Position11>
		<SortDirection11>0</SortDirection11>
		<Sorted11>0</Sorted11>
		<Visible12>1</Visible12>
		<Width12>74</Width12>
		<Alignment12>1</Alignment12>
		<Position12>13</Position12>
		<SortDirection12>0</SortDirection12>
		<Sorted12>0</Sorted12>
		<Visible13>1</Visible13>
		<Width13>111</Width13>
		<Alignment13>1</Alignment13>
		<Position13>14</Position13>
		<SortDirection13>1</SortDirection13>
		<Sorted13>0</Sorted13>
		<Visible14>1</Visible14>
		<Width14>50</Width14>
		<Alignment14>1</Alignment14>
		<Position14>15</Position14>
		<SortDirection14>0</SortDirection14>
		<Sorted14>0</Sorted14>
		<Visible15>1</Visible15>
		<Width15>50</Width15>
		<Alignment15>1</Alignment15>
		<Position15>16</Position15>
		<SortDirection15>0</SortDirection15>
		<Sorted15>0</Sorted15>
		<Visible16>0</Visible16>
		<Width16>89</Width16>
		<Alignment16>0</Alignment16>
		<Position16>18</Position16>
		<SortDirection16>0</SortDirection16>
		<Sorted16>0</Sorted16>
		<Visible17>0</Visible17>
		<Width17>78</Width17>
		<Alignment17>0</Alignment17>
		<Position17>19</Position17>
		<SortDirection17>0</SortDirection17>
		<Sorted17>0</Sorted17>
		<Visible18>0</Visible18>
		<Width18>89</Width18>
		<Alignment18>0</Alignment18>
		<Position18>20</Position18>
		<SortDirection18>0</SortDirection18>
		<Sorted18>0</Sorted18>
		<Visible19>0</Visible19>
		<Width19>77</Width19>
		<Alignment19>1</Alignment19>
		<Position19>21</Position19>
		<SortDirection19>0</SortDirection19>
		<Sorted19>0</Sorted19>
		<Visible20>0</Visible20>
		<Width20>94</Width20>
		<Alignment20>0</Alignment20>
		<Position20>22</Position20>
		<SortDirection20>0</SortDirection20>
		<Sorted20>0</Sorted20>
		<Visible21>0</Visible21>
		<Width21>90</Width21>
		<Alignment21>0</Alignment21>
		<Position21>23</Position21>
		<SortDirection21>0</SortDirection21>
		<Sorted21>0</Sorted21>
		<Visible22>0</Visible22>
		<Width22>110</Width22>
		<Alignment22>0</Alignment22>
		<Position22>24</Position22>
		<SortDirection22>0</SortDirection22>
		<Sorted22>0</Sorted22>
		<Visible23>0</Visible23>
		<Width23>124</Width23>
		<Alignment23>0</Alignment23>
		<Position23>25</Position23>
		<SortDirection23>0</SortDirection23>
		<Sorted23>0</Sorted23>
		<Visible24>0</Visible24>
		<Width24>114</Width24>
		<Alignment24>0</Alignment24>
		<Position24>26</Position24>
		<SortDirection24>0</SortDirection24>
		<Sorted24>0</Sorted24>
		<Visible25>0</Visible25>
		<Width25>59</Width25>
		<Alignment25>1</Alignment25>
		<Position25>27</Position25>
		<SortDirection25>1</SortDirection25>
		<Sorted25>0</Sorted25>
		<Visible26>1</Visible26>
		<Width26>93</Width26>
		<Alignment26>1</Alignment26>
		<Position26>6</Position26>
		<SortDirection26>0</SortDirection26>
		<Sorted26>0</Sorted26>
		<Visible27>0</Visible27>
		<Width27>75</Width27>
		<Alignment27>1</Alignment27>
		<Position27>28</Position27>
		<SortDirection27>0</SortDirection27>
		<Sorted27>0</Sorted27>
		<Visible28>1</Visible28>
		<Width28>83</Width28>
		<Alignment28>1</Alignment28>
		<Position28>7</Position28>
		<SortDirection28>0</SortDirection28>
		<Sorted28>0</Sorted28>
		<Visible29>0</Visible29>
		<Width29>127</Width29>
		<Alignment29>1</Alignment29>
		<Position29>29</Position29>
		<SortDirection29>1</SortDirection29>
		<Sorted29>0</Sorted29>
		<Visible30>1</Visible30>
		<Width30>110</Width30>
		<Alignment30>1</Alignment30>
		<Position30>30</Position30>
		<SortDirection30>0</SortDirection30>
		<Sorted30>0</Sorted30>
		<Visible31>1</Visible31>
		<Width31>50</Width31>
		<Alignment31>0</Alignment31>
		<Position31>31</Position31>
		<SortDirection31>0</SortDirection31>
		<Sorted31>0</Sorted31>
	</ListColumns>
	<LogColumns>
		<Visible0>1</Visible0>
		<Width0>152</Width0>
		<Alignment0>0</Alignment0>
		<Position0>0</Position0>
		<SortDirection0>0</SortDirection0>
		<Sorted0>0</Sorted0>
		<Visible1>1</Visible1>
		<Width1>798</Width1>
		<Alignment1>0</Alignment1>
		<Position1>1</Position1>
		<SortDirection1>0</SortDirection1>
		<Sorted1>0</Sorted1>
	</LogColumns>
	<CurrentConnectionColumns>
		<Visible0>1</Visible0>
		<Width0>131</Width0>
		<Alignment0>0</Alignment0>
		<Position0>0</Position0>
		<SortDirection0>0</SortDirection0>
		<Sorted0>1</Sorted0>
		<Visible1>1</Visible1>
		<Width1>206</Width1>
		<Alignment1>0</Alignment1>
		<Position1>1</Position1>
		<SortDirection1>0</SortDirection1>
		<Sorted1>0</Sorted1>
	</CurrentConnectionColumns>
	<Window>
		<MainWindowState>2</MainWindowState>
		<MainWindowTop>157</MainWindowTop>
		<MainWindowLeft>476</MainWindowLeft>
		<MainWindowWidth>1152</MainWindowWidth>
		<MainWindowHeight>864</MainWindowHeight>
	</Window>
	<RadioStateColumns>
		<Visible0>1</Visible0>
		<Width0>70</Width0>
		<Alignment0>0</Alignment0>
		<Position0>0</Position0>
		<SortDirection0>0</SortDirection0>
		<Sorted0>1</Sorted0>
		<Visible1>1</Visible1>
		<Width1>68</Width1>
		<Alignment1>2</Alignment1>
		<Position1>1</Position1>
		<SortDirection1>0</SortDirection1>
		<Sorted1>0</Sorted1>
		<Visible2>1</Visible2>
		<Width2>199</Width2>
		<Alignment2>2</Alignment2>
		<Position2>2</Position2>
		<SortDirection2>0</SortDirection2>
		<Sorted2>0</Sorted2>
	</RadioStateColumns>
	<NetworkPropertiesColumns>
		<Visible0>1</Visible0>
		<Width0>117</Width0>
		<Alignment0>0</Alignment0>
		<Position0>0</Position0>
		<SortDirection0>0</SortDirection0>
		<Sorted0>0</Sorted0>
		<Visible1>1</Visible1>
		<Width1>207</Width1>
		<Alignment1>0</Alignment1>
		<Position1>1</Position1>
		<SortDirection1>0</SortDirection1>
		<Sorted1>0</Sorted1>
	</NetworkPropertiesColumns>
	<WLANProfilesColumns>
		<Visible0>1</Visible0>
		<Width0>232</Width0>
		<Alignment0>0</Alignment0>
		<Position0>0</Position0>
		<SortDirection0>0</SortDirection0>
		<Sorted0>0</Sorted0>
	</WLANProfilesColumns>
	<FilterTreeColumns>
		<Visible0>1</Visible0>
		<Width0>196</Width0>
		<Alignment0>0</Alignment0>
		<Position0>0</Position0>
		<SortDirection0>0</SortDirection0>
		<Sorted0>1</Sorted0>
	</FilterTreeColumns>
	<WLANStatisticsMACColumns>
		<Visible0>1</Visible0>
		<Width0>161</Width0>
		<Alignment0>0</Alignment0>
		<Position0>0</Position0>
		<SortDirection0>0</SortDirection0>
		<Sorted0>0</Sorted0>
		<Visible1>1</Visible1>
		<Width1>78</Width1>
		<Alignment1>1</Alignment1>
		<Position1>1</Position1>
		<SortDirection1>0</SortDirection1>
		<Sorted1>1</Sorted1>
		<Visible2>1</Visible2>
		<Width2>92</Width2>
		<Alignment2>1</Alignment2>
		<Position2>2</Position2>
		<SortDirection2>0</SortDirection2>
		<Sorted2>0</Sorted2>
		<Visible3>1</Visible3>
		<Width3>691</Width3>
		<Alignment3>0</Alignment3>
		<Position3>3</Position3>
		<SortDirection3>0</SortDirection3>
		<Sorted3>0</Sorted3>
	</WLANStatisticsMACColumns>
	<WLANStatisticsPhyColumns>
		<Visible0>1</Visible0>
		<Width0>270</Width0>
		<Alignment0>0</Alignment0>
		<Position0>0</Position0>
		<SortDirection0>0</SortDirection0>
		<Sorted0>0</Sorted0>
		<Visible1>1</Visible1>
		<Width1>100</Width1>
		<Alignment1>1</Alignment1>
		<Position1>1</Position1>
		<SortDirection1>0</SortDirection1>
		<Sorted1>0</Sorted1>
		<Visible2>1</Visible2>
		<Width2>100</Width2>
		<Alignment2>1</Alignment2>
		<Position2>2</Position2>
		<SortDirection2>0</SortDirection2>
		<Sorted2>0</Sorted2>
		<Visible3>1</Visible3>
		<Width3>100</Width3>
		<Alignment3>1</Alignment3>
		<Position3>3</Position3>
		<SortDirection3>0</SortDirection3>
		<Sorted3>1</Sorted3>
		<Visible4>1</Visible4>
		<Width4>100</Width4>
		<Alignment4>1</Alignment4>
		<Position4>4</Position4>
		<SortDirection4>0</SortDirection4>
		<Sorted4>0</Sorted4>
		<Visible5>1</Visible5>
		<Width5>100</Width5>
		<Alignment5>1</Alignment5>
		<Position5>5</Position5>
		<SortDirection5>0</SortDirection5>
		<Sorted5>0</Sorted5>
		<Visible6>1</Visible6>
		<Width6>100</Width6>
		<Alignment6>1</Alignment6>
		<Position6>6</Position6>
		<SortDirection6>0</SortDirection6>
		<Sorted6>0</Sorted6>
		<Visible7>1</Visible7>
		<Width7>100</Width7>
		<Alignment7>1</Alignment7>
		<Position7>7</Position7>
		<SortDirection7>0</SortDirection7>
		<Sorted7>0</Sorted7>
		<Visible8>1</Visible8>
		<Width8>1253</Width8>
		<Alignment8>0</Alignment8>
		<Position8>8</Position8>
		<SortDirection8>0</SortDirection8>
		<Sorted8>0</Sorted8>
  </WLANStatisticsPhyColumns>
</Options>
